<?xml version="1.0" encoding="UTF-8"?>

<!DOCTYPE mapper

 PUBLIC "-//mybatis.org//DTD Mapper 3.0//EN"

"http://mybatis.org/dtd/mybatis-3-mapper.dtd">

<mapper namespace="com.hand.ssm.mapper.CustomerMapper">

        <resultMap id="CustomerSet"  type="com.hand.ssm.dto.Customer" >
        <id column="customer_id" property="customerId" jdbcType="DECIMAL"/>
        <result column="store_id" property="storeId" jdbcType="DECIMAL"/>
        <result column="first_name" property="firstName" jdbcType="VARCHAR"/>
        <result column="last_name" property="lastName" jdbcType="VARCHAR"/>
        <result column="email" property="email" jdbcType="VARCHAR"/>
        <result column="address_id" property="addressId" jdbcType="DECIMAL"/>
        <result column="active" property="active" jdbcType="DECIMAL"/>
        <result column="create_date" property="createDate" jdbcType="VARCHAR"/>        
        <result column="last_update" property="lastUpdate" jdbcType="VARCHAR"/>
        </resultMap> 
         <select id="select" parameterType="com.hand.ssm.dto.Customer" resultMap="CustomerSet">
           select * from customer where last_name=#{lastName} and first_name=#{firstName}
         </select>
         
         <select id="findOneCustomer" parameterType="com.hand.ssm.dto.Customer" resultMap="CustomerSet">
           select * from customer where customer_id=#{customerId}
         </select>
         
         <select id="addCustomer" parameterType="com.hand.ssm.dto.Customer">
           insert into customer values(
			#{customerId},
			#{storeId},
			#{firstName},
			#{lastName},
			#{email},
			#{addressId},
			#{active},
			#{createDate},
			#{lastUpdate}
			)
         </select>
         
         <select id="findLinkQueryCount" parameterType="java.lang.String" resultType="int">
           select count(*) from customer where first_name LIKE concat(concat('%',#{firstName}),'%')
         </select>

         <select id="likeQueryByName" resultMap="CustomerSet">
           select * from customer where first_name like concat(concat('%',#{0}),'%') limit #{1},#{2}
         </select>
         
         <update id="setKey" parameterType="int">
         	SET FOREIGN_KEY_CHECKS=#{value}
         </update>
         
         <delete id="deleteCustomer" parameterType="com.hand.ssm.dto.Customer">
         	delete from  Customer where customer_id=#{customerId};
         </delete>
         
         <update id="updateCustomer" parameterType="com.hand.ssm.dto.Customer">
			update Customer
			set			
			store_id   =#{storeId   },
			first_name =#{firstName },
			last_name  =#{lastName  },
			email      =#{email     },
			address_id =#{addressId },
			active     =#{active    },
			create_date=#{createDate},
			last_update=#{lastUpdate}
			where customer_id=#{customerId}

         </update>
         
</mapper>