<?xml version="1.0" encoding="UTF-8"?>

<!DOCTYPE mapper

 PUBLIC "-//mybatis.org//DTD Mapper 3.0//EN"

"http://mybatis.org/dtd/mybatis-3-mapper.dtd">

<mapper namespace="com.hand.ssm.mapper.FilmMapper">

        <resultMap id="mySet"  type="com.hand.ssm.dto.Film" >
        <id column="film_id" property="filmId" jdbcType="DECIMAL"/>
        <result column="title" property="title" jdbcType="VARCHAR"/>
        <result column="description" property="description" jdbcType="VARCHAR"/>
        <result column="release_year" property="releaseYear" jdbcType="VARCHAR"/>
        <result column="language_id" property="languageId" jdbcType="DECIMAL"/>
        <result column="original_language_id" property="originalLanguageId" jdbcType="DECIMAL"/>
        <result column="rental_duration" property="rentalDuration" jdbcType="DECIMAL"/>        
        <result column="rental_rate" property="rentalRate" jdbcType="DECIMAL"/>
        <result column="length" property="length" jdbcType="DECIMAL"/>
        <result column="replacement_cost" property="replacementCost" jdbcType="DECIMAL"/>
        <result column="rating" property="rating" jdbcType="VARCHAR"/>        
        <result column="special_features" property="specialFeatures" jdbcType="VARCHAR"/>
        <result column="last_update" property="lastUpdate" jdbcType="VARCHAR"/>
        </resultMap>

         <select id="select" parameterType="com.hand.ssm.dto.Film" resultMap="mySet">
           select * from film order by last_update DESC  LIMIT #{cursor},10
         </select>
         
         <select id="findOneFilm" parameterType="com.hand.ssm.dto.Film" resultMap="mySet">
           select * from film where film_id=#{filmId}
         </select>
         
         <select id="findFilmCount" resultType="int">
           select count(*) from film
         </select>
         
         <select id="findFilmByPage" parameterType="com.hand.ssm.util.Page" resultMap="mySet">
           select * from film limit #{beginIndex},#{everyPage}
         </select>
         
         
         <select id="findLinkQueryCount" parameterType="java.lang.String" resultType="int">
           select count(*) from film where title LIKE concat(concat('%',#{title}),'%')
         </select>

         <select id="likeQueryByTitle" resultMap="mySet">
           select * from film where title like concat(concat('%',#{0}),'%') limit #{1},#{2}
         </select>

         <update id="updateFilm" parameterType="com.hand.ssm.dto.Film">
         	update film 
			set title=#{title}
				,description=#{description}
				,release_year=#{releaseYear}
				,language_id=#{languageId}
				,rental_duration=#{rentalDuration}
				,rental_rate=#{rentalRate}
				,length=#{length}
				,special_features=#{specialFeatures}
				,last_update=#{lastUpdate}
			where film_id=#{filmId}
         </update>
         
         <insert id="insertFilm" parameterType="com.hand.ssm.dto.Film" >
            insert into film 
				values(
				#{filmId},
				#{title},
				#{description},
				#{releaseYear},
				#{languageId},
				#{originalLanguageId},
				#{rentalDuration},
				#{rentalRate},
				#{length},
				#{replacementCost},
				#{rating},
				#{specialFeatures},
				#{lastUpdate}
				)
         </insert>

         <update id="setKey" parameterType="int">
         	SET FOREIGN_KEY_CHECKS=#{value}
         </update>
         
         <delete id="deleteFilm" parameterType="com.hand.ssm.dto.Film">
         	delete from  film where film_id=#{filmId};
         </delete>
</mapper>